{
	"info": {
		"_postman_id": "4ac76712-2aa6-449d-8289-5a8c22edde91",
		"name": "chlg_api_mongodb - heroku",
		"schema": "https://schema.getpostman.com/json/collection/v2.1.0/collection.json"
	},
	"item": [
		{
			"name": "/post no existent body",
			"request": {
				"method": "POST",
				"header": [
					{
						"key": "Content-Type",
						"value": "application/json",
						"type": "text"
					},
					{
						"key": "Accept",
						"value": "application/json; charset=UTF-8",
						"type": "text"
					}
				],
				"body": {
					"mode": "raw",
					"raw": "{\r\n    \"startDate\": \"\",\r\n    \"endDate\": \"\",\r\n    \"minCount\": \"\",\r\n    \"maxCount\": \"\"\r\n}"
				},
				"url": {
					"raw": "https://api-node-mongo-expl-josimar-jr.herokuapp.com/fetch/blabla",
					"protocol": "https",
					"host": [
						"api-node-mongo-expl-josimar-jr",
						"herokuapp",
						"com"
					],
					"path": [
						"fetch",
						"blabla"
					]
				}
			},
			"response": []
		},
		{
			"name": "/post no existent collection",
			"request": {
				"method": "POST",
				"header": [
					{
						"key": "Content-Type",
						"type": "text",
						"value": "application/json"
					},
					{
						"key": "Accept",
						"type": "text",
						"value": "application/json; charset=UTF-8"
					}
				],
				"body": {
					"mode": "raw",
					"raw": "{\r\n    \"startDate\": \"2020-08-30\",\r\n    \"endDate\": \"2020-08-31\",\r\n    \"minCount\": 1,\r\n    \"maxCount\": 10\r\n}"
				},
				"url": {
					"raw": "https://api-node-mongo-expl-josimar-jr.herokuapp.com/fetch/blabla",
					"protocol": "https",
					"host": [
						"api-node-mongo-expl-josimar-jr",
						"herokuapp",
						"com"
					],
					"path": [
						"fetch",
						"blabla"
					]
				}
			},
			"response": []
		},
		{
			"name": "/post existent valid body / Product",
			"request": {
				"method": "POST",
				"header": [
					{
						"key": "Content-Type",
						"type": "text",
						"value": "application/json"
					},
					{
						"key": "Accept",
						"type": "text",
						"value": "application/json; charset=UTF-8"
					}
				],
				"body": {
					"mode": "raw",
					"raw": "{\r\n    \"startDate\": \"2019-01-26\",\r\n    \"endDate\": \"2020-02-02\",\r\n    \"minCount\": 50,\r\n    \"maxCount\": 55\r\n}"
				},
				"url": {
					"raw": "https://api-node-mongo-expl-josimar-jr.herokuapp.com/fetch/Product",
					"protocol": "https",
					"host": [
						"api-node-mongo-expl-josimar-jr",
						"herokuapp",
						"com"
					],
					"path": [
						"fetch",
						"Product"
					]
				}
			},
			"response": []
		},
		{
			"name": "/post existent valid body / Record",
			"request": {
				"method": "POST",
				"header": [
					{
						"key": "Content-Type",
						"type": "text",
						"value": "application/json"
					},
					{
						"key": "Accept",
						"type": "text",
						"value": "application/json; charset=UTF-8"
					}
				],
				"body": {
					"mode": "raw",
					"raw": "{\r\n    \"startDate\": \"2016-01-26\",\r\n    \"endDate\": \"2020-10-02\",\r\n    \"minCount\": 1,\r\n    \"maxCount\": 3000\r\n}"
				},
				"url": {
					"raw": "https://api-node-mongo-expl-josimar-jr.herokuapp.com/fetch/Record",
					"protocol": "https",
					"host": [
						"api-node-mongo-expl-josimar-jr",
						"herokuapp",
						"com"
					],
					"path": [
						"fetch",
						"Record"
					]
				}
			},
			"response": []
		},
		{
			"name": "/post existent valid body / CustomDocument",
			"request": {
				"method": "POST",
				"header": [
					{
						"key": "Content-Type",
						"type": "text",
						"value": "application/json"
					},
					{
						"key": "Accept",
						"type": "text",
						"value": "application/json; charset=UTF-8"
					}
				],
				"body": {
					"mode": "raw",
					"raw": "{\r\n    \"startDate\": \"2020-08-08\",\r\n    \"endDate\": \"2020-08-10\",\r\n    \"minCount\": 2,\r\n    \"maxCount\": 2\r\n}"
				},
				"url": {
					"raw": "https://api-node-mongo-expl-josimar-jr.herokuapp.com/fetch/CustomDocument",
					"protocol": "https",
					"host": [
						"api-node-mongo-expl-josimar-jr",
						"herokuapp",
						"com"
					],
					"path": [
						"fetch",
						"CustomDocument"
					]
				}
			},
			"response": []
		},
		{
			"name": "/post existent valid body / Example",
			"request": {
				"method": "POST",
				"header": [
					{
						"key": "Content-Type",
						"type": "text",
						"value": "application/json"
					},
					{
						"key": "Accept",
						"type": "text",
						"value": "application/json; charset=UTF-8"
					}
				],
				"body": {
					"mode": "raw",
					"raw": "{\r\n    \"startDate\": \"2016-01-26\",\r\n    \"endDate\": \"2019-10-02\",\r\n    \"minCount\": 1,\r\n    \"maxCount\": 3000\r\n}"
				},
				"url": {
					"raw": "https://api-node-mongo-expl-josimar-jr.herokuapp.com/fetch/Example",
					"protocol": "https",
					"host": [
						"api-node-mongo-expl-josimar-jr",
						"herokuapp",
						"com"
					],
					"path": [
						"fetch",
						"Example"
					]
				}
			},
			"response": []
		}
	],
	"event": [
		{
			"listen": "prerequest",
			"script": {
				"id": "15401ffe-085a-43db-91b1-d4967f582dc7",
				"type": "text/javascript",
				"exec": [
					""
				]
			}
		},
		{
			"listen": "test",
			"script": {
				"id": "b628a0c0-e861-4711-be31-7d7da9c3b271",
				"type": "text/javascript",
				"exec": [
					""
				]
			}
		}
	],
	"protocolProfileBehavior": {}
}