{"_id":{"$oid":"5f3d9e7b52d1c73fc89ddff7"},"key":"TAKwGc6Jr4i8Z487","createdAt":{"$date":{"$numberLong":"1485566534398"}},"totalCount":{"$numberInt":"2800"},"__v":{"$numberInt":"0"}}
{"_id":{"$oid":"5f3d9e7b52d1c73fc89ddff9"},"key":"CBAs784Jr4i43543","createdAt":{"$date":{"$numberLong":"1526794210398"}},"totalCount":{"$numberInt":"3500"},"__v":{"$numberInt":"0"}}
{"_id":{"$oid":"5f3d9e7b52d1c73fc89ddff8"},"key":"NAeQ8eX7e5TEg7oH","createdAt":{"$date":{"$numberLong":"1485505154135"}},"totalCount":{"$numberInt":"2900"},"__v":{"$numberInt":"0"}}
