{"_id":{"$oid":"5f3782a3c63bc92a80c7d87a"},"counts":[{"$numberInt":"27"},{"$numberInt":"30"},{"$numberInt":"40"},{"$numberInt":"50"},{"$numberInt":"60"},{"$numberInt":"70"},{"$numberInt":"500"}],"key":"TAKwGc6Jr4i8Z487","createdAt":{"$date":{"$numberLong":"1597473443264"}},"__v":{"$numberInt":"0"}}
{"_id":{"$oid":"5f3782a3c63bc92a80c7d87b"},"counts":[{"$numberInt":"27"},{"$numberInt":"30"},{"$numberInt":"40"},{"$numberInt":"50"},{"$numberInt":"60"},{"$numberInt":"70"},{"$numberInt":"100"}],"key":"NAeQ8eX7e5TEg7oH","createdAt":{"$date":{"$numberLong":"1485505154135"}},"__v":{"$numberInt":"0"}}
{"_id":{"$oid":"5f3784c0f0204627c08cf584"},"counts":[{"$numberInt":"27"},{"$numberInt":"30"},{"$numberInt":"40"},{"$numberInt":"50"},{"$numberInt":"60"},{"$numberInt":"70"},{"$numberInt":"1000"}],"key":"NAeQ8eX7e5TEg7aA","createdAt":{"$date":{"$numberLong":"1597473984048"}},"__v":{"$numberInt":"0"}}
{"_id":{"$oid":"5f416a9b0a803e5520aa628c"},"startDate":{"$date":{"$numberLong":"1453766400000"}},"endDate":{"$date":{"$numberLong":"1517529600000"}},"minCount":{"$numberInt":"2700"},"maxCount":{"$numberInt":"2900"},"created_date":{"$date":{"$numberLong":"1598122651973"}},"__v":{"$numberInt":"0"}}
{"_id":{"$oid":"5f416cc4bae43b5f92163a1c"},"startDate":{"$date":{"$numberLong":"1453766400000"}},"endDate":{"$date":{"$numberLong":"1517529600000"}},"minCount":{"$numberInt":"2700"},"maxCount":{"$numberInt":"2900"},"created_date":{"$date":{"$numberLong":"1598123204748"}},"__v":{"$numberInt":"0"}}
{"_id":{"$oid":"5f416cd7bae43b5f92163a1d"},"startDate":{"$date":{"$numberLong":"1453766400000"}},"endDate":{"$date":{"$numberLong":"1517529600000"}},"minCount":{"$numberInt":"2700"},"maxCount":{"$numberInt":"2900"},"created_date":{"$date":{"$numberLong":"1598123223395"}},"__v":{"$numberInt":"0"}}
{"_id":{"$oid":"5f416ce7362a886059848e84"},"startDate":{"$date":{"$numberLong":"1453766400000"}},"endDate":{"$date":{"$numberLong":"1517529600000"}},"minCount":{"$numberInt":"2700"},"maxCount":{"$numberInt":"2900"},"created_date":{"$date":{"$numberLong":"1598123239527"}},"__v":{"$numberInt":"0"}}
{"_id":{"$oid":"5f416d16fc72ea611311ed8c"},"startDate":{"$date":{"$numberLong":"1453766400000"}},"endDate":{"$date":{"$numberLong":"1517529600000"}},"minCount":{"$numberInt":"2700"},"maxCount":{"$numberInt":"2900"},"created_date":{"$date":{"$numberLong":"1598123286023"}},"__v":{"$numberInt":"0"}}
{"_id":{"$oid":"5f416d3bcf8d7861ac76fa20"},"startDate":{"$date":{"$numberLong":"1453766400000"}},"endDate":{"$date":{"$numberLong":"1517529600000"}},"minCount":{"$numberInt":"2700"},"maxCount":{"$numberInt":"2900"},"created_date":{"$date":{"$numberLong":"1598123323685"}},"__v":{"$numberInt":"0"}}
{"_id":{"$oid":"5f416d88cf8d7861ac76fa21"},"startDate":{"$date":{"$numberLong":"1453766400000"}},"endDate":{"$date":{"$numberLong":"1517529600000"}},"minCount":{"$numberInt":"2700"},"maxCount":{"$numberInt":"3000"},"created_date":{"$date":{"$numberLong":"1598123400879"}},"__v":{"$numberInt":"0"}}
