{"_id":{"$oid":"5f2fca7af98aba75a34697f1"},"totalCount":{"$numberInt":"1"},"createdAt":{"$date":{"$numberLong":"1596967546570"}},"key":"f58e062d-3f2d-41ab-b896-bc50d476bd10","__v":{"$numberInt":"0"}}
{"_id":{"$oid":"5f2fca82f98aba75a34697f2"},"totalCount":{"$numberInt":"2"},"createdAt":{"$date":{"$numberLong":"1596967554764"}},"key":"11a9b0b8-d9c0-4d05-9843-ebffcc50f542","__v":{"$numberInt":"0"}}
{"_id":{"$oid":"5f2fca84f98aba75a34697f3"},"totalCount":{"$numberInt":"3"},"createdAt":{"$date":{"$numberLong":"1596967556188"}},"key":"3a24d742-0ab8-4fe6-8341-dc09075c9fe6","__v":{"$numberInt":"0"}}
{"_id":{"$oid":"5f2fca86f98aba75a34697f4"},"totalCount":{"$numberInt":"4"},"createdAt":{"$date":{"$numberLong":"1596967558014"}},"key":"b4c374d7-ad37-4e34-821b-661298fb8dfc","__v":{"$numberInt":"0"}}
